﻿{
  "status": 200,
  "message": "Commodity List Found",
  "data": [
    {
      "id": "1",
      "name": "Bhavik Limani",
      "mobilenumber": "9427421083",
      "address": "Widle, 1126",
      "city": "Ahmedabad",
      "distric": "Ahmedabad",
      "state": "Gujarat",
      "pincode": "385001"
    },
    {
      "id": "1",
      "name": "Bal parmar",
      "mobilenumber": "2939293939",
      "address": "putfoli ",
      "city": "gam",
      "distric": "Alli",
      "state": "Guj",
      "pincode": "322117"
    },
    {
      "id": "1",
      "name": "bhadra Limani",
      "mobilenumber": "0293929923",
      "address": "Shiv Society",
      "city": "Ahmedabad",
      "distric": "Ahmedabad",
      "state": "Gujarat",
      "pincode": "382930"
    }
  ]
}
